{"cameraMode":{"drawMode":0,"name":"Shaded","section":"Shading Mode"},"sceneLighting":true,"audioPlay":false,"sceneViewState":{"m_AlwaysRefresh":false,"showFog":true,"showSkybox":true,"showFlares":true,"showImageEffects":true,"showParticleSystems":true,"showVisualEffectGraphs":true,"m_FxEnabled":true},"in2DMode":false,"pivot":{"x":-1.8456684350967408,"y":2.3802661895751955,"z":8.350790023803711},"rotation":{"x":-0.0005816384218633175,"y":-0.22511297464370728,"z":0.00013837440928909928,"w":-0.9742528200149536},"size":5.504358291625977,"orthographic":false}