{"cameraMode":{"drawMode":0,"name":"Shaded","section":"Shading Mode"},"sceneLighting":true,"audioPlay":false,"sceneViewState":{"m_AlwaysRefresh":false,"showFog":true,"showSkybox":true,"showFlares":true,"showImageEffects":true,"showParticleSystems":true,"showVisualEffectGraphs":true,"m_FxEnabled":true},"in2DMode":false,"pivot":{"x":0.21265840530395509,"y":0.8276023864746094,"z":-5.874608039855957},"rotation":{"x":-0.026021357625722886,"y":-0.9466614127159119,"z":0.0791332796216011,"w":-0.3113027513027191},"size":5.191645622253418,"orthographic":false}