{"cameraMode":{"drawMode":0,"name":"Shaded","section":"Shading Mode"},"sceneLighting":true,"audioPlay":false,"sceneViewState":{"m_AlwaysRefresh":false,"showFog":true,"showSkybox":true,"showFlares":true,"showImageEffects":true,"showParticleSystems":true,"showVisualEffectGraphs":true,"m_FxEnabled":true},"in2DMode":false,"pivot":{"x":-1.511298418045044,"y":3.7303361892700197,"z":0.27365177869796755},"rotation":{"x":-0.0781891867518425,"y":-0.7767637968063355,"z":0.09838486462831497,"w":-0.6171765327453613},"size":0.5511688590049744,"orthographic":false}