{"cameraMode":{"drawMode":0,"name":"Shaded","section":"Shading Mode"},"sceneLighting":true,"audioPlay":false,"sceneViewState":{"m_AlwaysRefresh":false,"showFog":true,"showSkybox":true,"showFlares":true,"showImageEffects":true,"showParticleSystems":true,"showVisualEffectGraphs":true,"m_FxEnabled":true},"in2DMode":false,"pivot":{"x":1.3235650062561036,"y":0.22176659107208253,"z":1.7542400360107422},"rotation":{"x":-0.026477446779608728,"y":-0.9647853374481201,"z":0.10694533586502075,"w":-0.2388657182455063},"size":0.7189691066741943,"orthographic":false}