{"cameraMode":{"drawMode":0,"name":"Shaded","section":"Shading Mode"},"sceneLighting":false,"audioPlay":false,"sceneViewState":{"m_AlwaysRefresh":false,"showFog":true,"showSkybox":true,"showFlares":true,"showImageEffects":true,"showParticleSystems":true,"showVisualEffectGraphs":true,"m_FxEnabled":true},"in2DMode":false,"pivot":{"x":9.934999465942383,"y":1.540213704109192,"z":-3.3142802715301515},"rotation":{"x":-0.0014721929328516126,"y":0.9927446246147156,"z":-0.1197042316198349,"w":-0.012216436676681042},"size":2.5110716819763185,"orthographic":false}