{"cameraMode":{"drawMode":0,"name":"Shaded","section":"Shading Mode"},"sceneLighting":false,"audioPlay":false,"sceneViewState":{"m_AlwaysRefresh":false,"showFog":true,"showSkybox":true,"showFlares":true,"showImageEffects":true,"showParticleSystems":true,"showVisualEffectGraphs":true,"m_FxEnabled":true},"in2DMode":false,"pivot":{"x":17.719995498657228,"y":-0.10074913501739502,"z":-5.165344715118408},"rotation":{"x":-0.02025626040995121,"y":-0.7596951127052307,"z":0.02372392639517784,"w":-0.6494936347007752},"size":14.521398544311524,"orthographic":false}