{"cameraMode":{"drawMode":0,"name":"Shaded","section":"Shading Mode"},"sceneLighting":true,"audioPlay":false,"sceneViewState":{"m_AlwaysRefresh":false,"showFog":true,"showSkybox":true,"showFlares":true,"showImageEffects":true,"showParticleSystems":true,"showVisualEffectGraphs":true,"m_FxEnabled":true},"in2DMode":false,"pivot":{"x":10.059429168701172,"y":-0.39183276891708376,"z":-1.8985445499420167},"rotation":{"x":0.061708852648735049,"y":0.6963968873023987,"z":-0.060317039489746097,"w":0.7124549746513367},"size":9.066091537475586,"orthographic":false}