{"cameraMode":{"drawMode":0,"name":"Shaded","section":"Shading Mode"},"sceneLighting":true,"audioPlay":false,"sceneViewState":{"m_AlwaysRefresh":false,"showFog":true,"showSkybox":true,"showFlares":true,"showImageEffects":true,"showParticleSystems":true,"showVisualEffectGraphs":true,"m_FxEnabled":true},"in2DMode":false,"pivot":{"x":-9.557587623596192,"y":-4.189422130584717,"z":-10.783012390136719},"rotation":{"x":0.010320656932890416,"y":-0.9830178618431091,"z":0.17280666530132295,"w":0.0599089153110981},"size":11.524933815002442,"orthographic":false}