{"cameraMode":{"drawMode":0,"name":"Shaded","section":"Shading Mode"},"sceneLighting":false,"audioPlay":false,"sceneViewState":{"m_AlwaysRefresh":false,"showFog":true,"showSkybox":true,"showFlares":true,"showImageEffects":true,"showParticleSystems":true,"showVisualEffectGraphs":true,"m_FxEnabled":true},"in2DMode":false,"pivot":{"x":7.351093292236328,"y":1.211543321609497,"z":-8.657687187194825},"rotation":{"x":0.004343922715634108,"y":-0.9954289197921753,"z":0.07659871131181717,"w":0.056208234280347827},"size":4.448845863342285,"orthographic":false}