{"cameraMode":{"drawMode":0,"name":"Shaded","section":"Shading Mode"},"sceneLighting":true,"audioPlay":false,"sceneViewState":{"m_AlwaysRefresh":false,"showFog":true,"showSkybox":true,"showFlares":true,"showImageEffects":true,"showParticleSystems":true,"showVisualEffectGraphs":true,"m_FxEnabled":true},"in2DMode":false,"pivot":{"x":13.354781150817871,"y":2.0470709800720217,"z":-3.055128335952759},"rotation":{"x":-0.002155640162527561,"y":-0.9860599040985107,"z":-0.012819791212677956,"w":0.16601425409317017},"size":0.9865738749504089,"orthographic":false}