{"cameraMode":{"drawMode":0,"name":"Shaded","section":"Shading Mode"},"sceneLighting":false,"audioPlay":false,"sceneViewState":{"m_AlwaysRefresh":false,"showFog":true,"showSkybox":true,"showFlares":true,"showImageEffects":true,"showParticleSystems":true,"showVisualEffectGraphs":true,"m_FxEnabled":true},"in2DMode":false,"pivot":{"x":5.990925312042236,"y":2.0797135829925539,"z":-0.42396071553230288},"rotation":{"x":0.0004587318398989737,"y":-0.9669084548950195,"z":0.25514891743659975,"w":0.0017367739928886295},"size":0.21925753355026246,"orthographic":false}