{"cameraMode":{"drawMode":0,"name":"Shaded","section":"Shading Mode"},"sceneLighting":true,"audioPlay":false,"sceneViewState":{"m_AlwaysRefresh":false,"showFog":true,"showSkybox":true,"showFlares":true,"showImageEffects":true,"showParticleSystems":true,"showVisualEffectGraphs":true,"m_FxEnabled":true},"in2DMode":false,"pivot":{"x":4.790919780731201,"y":4.230123996734619,"z":-1.7689555883407593},"rotation":{"x":-0.0037975776940584184,"y":0.9954874515533447,"z":-0.08321475982666016,"w":-0.04542972892522812},"size":9.652128219604493,"orthographic":false}