{"cameraMode":{"drawMode":0,"name":"Shaded","section":"Shading Mode"},"sceneLighting":false,"audioPlay":false,"sceneViewState":{"m_AlwaysRefresh":false,"showFog":true,"showSkybox":true,"showFlares":true,"showImageEffects":true,"showParticleSystems":true,"showVisualEffectGraphs":true,"m_FxEnabled":true},"in2DMode":false,"pivot":{"x":7.639827251434326,"y":3.0445098876953127,"z":3.003983974456787},"rotation":{"x":0.020474914461374284,"y":0.9749214053153992,"z":-0.10126624256372452,"w":0.19711926579475404},"size":0.062277015298604968,"orthographic":false}