{"cameraMode":{"drawMode":0,"name":"Shaded","section":"Shading Mode"},"sceneLighting":true,"audioPlay":false,"sceneViewState":{"m_AlwaysRefresh":false,"showFog":true,"showSkybox":true,"showFlares":true,"showImageEffects":true,"showParticleSystems":true,"showVisualEffectGraphs":true,"m_FxEnabled":true},"in2DMode":false,"pivot":{"x":-2.8044261932373049,"y":1.8110133409500123,"z":-2.5213680267333986},"rotation":{"x":0.005768631584942341,"y":0.97442227602005,"z":-0.02515428513288498,"w":0.2233288735151291},"size":0.9014596939086914,"orthographic":false}