{"cameraMode":{"drawMode":0,"name":"Shaded","section":"Shading Mode"},"sceneLighting":false,"audioPlay":false,"sceneViewState":{"m_AlwaysRefresh":false,"showFog":true,"showSkybox":true,"showFlares":true,"showImageEffects":true,"showParticleSystems":true,"showVisualEffectGraphs":true,"m_FxEnabled":true},"in2DMode":false,"pivot":{"x":-7.759720802307129,"y":0.013088632375001908,"z":-12.09201431274414},"rotation":{"x":-0.0013104567769914866,"y":-0.9973850846290588,"z":0.06832858920097351,"w":-0.019144784659147264},"size":5.425778388977051,"orthographic":false}