{"cameraMode":{"drawMode":0,"name":"Shaded","section":"Shading Mode"},"sceneLighting":false,"audioPlay":false,"sceneViewState":{"m_AlwaysRefresh":false,"showFog":true,"showSkybox":true,"showFlares":true,"showImageEffects":true,"showParticleSystems":true,"showVisualEffectGraphs":true,"m_FxEnabled":true},"in2DMode":false,"pivot":{"x":-1.652364730834961,"y":1.9736911058425904,"z":-2.1269965171813967},"rotation":{"x":-0.008627813309431076,"y":-0.9329329133033752,"z":0.02239317260682583,"w":-0.3592783510684967},"size":3.1696743965148927,"orthographic":false}