{"cameraMode":{"drawMode":0,"name":"Shaded","section":"Shading Mode"},"sceneLighting":false,"audioPlay":false,"sceneViewState":{"m_AlwaysRefresh":false,"showFog":true,"showSkybox":true,"showFlares":true,"showImageEffects":true,"showParticleSystems":true,"showVisualEffectGraphs":true,"m_FxEnabled":true},"in2DMode":false,"pivot":{"x":3.897777557373047,"y":2.1392343044281008,"z":-2.1394426822662355},"rotation":{"x":-0.036283109337091449,"y":-0.9586673378944397,"z":0.14292757213115693,"w":-0.24336116015911103},"size":1.1814213991165162,"orthographic":false}