{"cameraMode":{"drawMode":0,"name":"Shaded","section":"Shading Mode"},"sceneLighting":true,"audioPlay":false,"sceneViewState":{"m_AlwaysRefresh":false,"showFog":true,"showSkybox":true,"showFlares":true,"showImageEffects":true,"showParticleSystems":true,"showVisualEffectGraphs":true,"m_FxEnabled":true},"in2DMode":false,"pivot":{"x":0.1975906789302826,"y":-1.724372386932373,"z":-11.753219604492188},"rotation":{"x":0.0016267204191535712,"y":0.9776761531829834,"z":-0.2102341502904892,"w":0.007626314647495747},"size":9.2407808303833,"orthographic":false}