{"cameraMode":{"drawMode":0,"name":"Shaded","section":"Shading Mode"},"sceneLighting":false,"audioPlay":false,"sceneViewState":{"m_AlwaysRefresh":false,"showFog":true,"showSkybox":true,"showFlares":true,"showImageEffects":true,"showParticleSystems":true,"showVisualEffectGraphs":true,"m_FxEnabled":true},"in2DMode":false,"pivot":{"x":-2.8138012886047365,"y":2.36871075630188,"z":-1.1923264265060425},"rotation":{"x":0.052798788994550708,"y":0.8574580550193787,"z":-0.08984354138374329,"w":0.5038931965827942},"size":2.1384212970733644,"orthographic":false}